{
  "image": {
    "CLS": 0.5334,
    "QA": 0.4124,
    "RET": 0.6226666666666667,
    "GD": 0.6615
  },
  "video": {
    "CLS": 0.2784184757505774
  },
  "visdoc": {
    "VDRv1": 0.496945232122441,
    "VR": 0.5308044088896954,
    "OOD": 0.4840228246039405
  }
}