{
  "image": {
    "CLS": 0.4904,
    "QA": 0.4267,
    "RET": 0.6051666666666667,
    "GD": 0.6184999999999999
  },
  "video": {
    "CLS": 0.26768036951501156
  },
  "visdoc": {
    "VDRv1": 0.5516744953215957,
    "VR": 0.5607053726172492,
    "OOD": 0.49473458747134935
  }
}