{
  "image": {
    "CLS": 0.5142,
    "QA": 0.42610000000000003,
    "RET": 0.6145833333333334,
    "GD": 0.6469999999999999
  },
  "video": {
    "CLS": 0.2797039260969977
  },
  "visdoc": {
    "VDRv1": 0.5434531325371723,
    "VR": 0.5572758859275415,
    "OOD": 0.49682313024592384
  }
}