{
  "image": {
    "CLS": 0.5018,
    "QA": 0.4343,
    "RET": 0.5919166666666668,
    "GD": 0.6034999999999999
  },
  "video": {
    "CLS": 0.2937136258660508
  },
  "visdoc": {
    "VDRv1": 0.5355461157470124,
    "VR": 0.5465180615971541,
    "OOD": 0.47694605853045013
  }
}