{
  "image": {
    "CLS": 0.49429999999999996,
    "QA": 0.4245,
    "RET": 0.59925,
    "GD": 0.6335000000000001
  },
  "video": {
    "CLS": 0.29511824480369514
  },
  "visdoc": {
    "VDRv1": 0.4624798904261609,
    "VR": 0.5315284808573283,
    "OOD": 0.47801304384303733
  }
}